{"cameraMode":{"drawMode":0,"name":"Shaded","section":"Shading Mode"},"sceneLighting":true,"audioPlay":false,"sceneViewState":{"m_AlwaysRefresh":false,"showFog":true,"showSkybox":true,"showFlares":true,"showImageEffects":true,"showParticleSystems":true,"showVisualEffectGraphs":true,"m_FxEnabled":true},"in2DMode":false,"pivot":{"x":-4.43092155456543,"y":-0.24335156381130219,"z":2.6662211418151857},"rotation":{"x":0.19876325130462647,"y":-0.4268420934677124,"z":0.09674852341413498,"w":0.8769024610519409},"size":3.6305952072143556,"orthographic":false}