{"cameraMode":{"drawMode":0,"name":"Shaded","section":"Shading Mode"},"sceneLighting":true,"audioPlay":false,"sceneViewState":{"m_AlwaysRefresh":false,"showFog":true,"showSkybox":true,"showFlares":true,"showImageEffects":true,"showParticleSystems":true,"showVisualEffectGraphs":true,"m_FxEnabled":true},"in2DMode":false,"pivot":{"x":-0.7506631016731262,"y":-1.4233086109161378,"z":1.7214736938476563},"rotation":{"x":-0.26247313618659975,"y":0.25199341773986819,"z":-0.07118324935436249,"w":-0.9288210272789002},"size":3.743326425552368,"orthographic":false}