{"cameraMode":{"drawMode":0,"name":"Shaded","section":"Shading Mode"},"sceneLighting":true,"audioPlay":false,"sceneViewState":{"m_AlwaysRefresh":false,"showFog":true,"showSkybox":true,"showFlares":true,"showImageEffects":true,"showParticleSystems":true,"showVisualEffectGraphs":true,"m_FxEnabled":true},"in2DMode":false,"pivot":{"x":-0.4066944122314453,"y":0.7937641143798828,"z":0.04762692749500275},"rotation":{"x":0.17195726931095124,"y":-0.6646082997322083,"z":0.16115805506706239,"w":0.7091218829154968},"size":1.9433268308639527,"orthographic":false}