{"cameraMode":{"drawMode":0,"name":"Shaded","section":"Shading Mode"},"sceneLighting":true,"audioPlay":false,"sceneViewState":{"m_AlwaysRefresh":false,"showFog":false,"showSkybox":false,"showFlares":false,"showImageEffects":false,"showParticleSystems":false,"showVisualEffectGraphs":true,"m_FxEnabled":true},"in2DMode":false,"pivot":{"x":0.6051742434501648,"y":1.8396862745285035,"z":-0.18552593886852265},"rotation":{"x":-0.26960861682891848,"y":0.39675870537757876,"z":-0.12311184406280518,"w":-0.8687883019447327},"size":1.0718848705291749,"orthographic":false}