{"cameraMode":{"drawMode":0,"name":"Shaded","section":"Shading Mode"},"sceneLighting":true,"audioPlay":false,"sceneViewState":{"m_AlwaysRefresh":false,"showFog":false,"showSkybox":false,"showFlares":false,"showImageEffects":false,"showParticleSystems":false,"showVisualEffectGraphs":true,"m_FxEnabled":true},"in2DMode":false,"pivot":{"x":0.6303964853286743,"y":2.1204721927642824,"z":-0.5771951675415039},"rotation":{"x":-0.22639106214046479,"y":0.3520526885986328,"z":-0.08815718442201615,"w":-0.9039295315742493},"size":0.17188483476638795,"orthographic":false}