{"cameraMode":{"drawMode":0,"name":"Shaded","section":"Shading Mode"},"sceneLighting":false,"audioPlay":false,"sceneViewState":{"m_AlwaysRefresh":false,"showFog":true,"showSkybox":false,"showFlares":true,"showImageEffects":true,"showParticleSystems":true,"showVisualEffectGraphs":true,"m_FxEnabled":true},"in2DMode":false,"pivot":{"x":-0.5143580436706543,"y":0.28166428208351138,"z":-4.373615741729736},"rotation":{"x":-0.18422700464725495,"y":0.7760301828384399,"z":-0.26347920298576357,"w":-0.5426129102706909},"size":0.8660253882408142,"orthographic":false}