{"cameraMode":{"drawMode":0,"name":"Shaded","section":"Shading Mode"},"sceneLighting":true,"audioPlay":false,"sceneViewState":{"m_AlwaysRefresh":false,"showFog":true,"showSkybox":true,"showFlares":true,"showImageEffects":true,"showParticleSystems":true,"showVisualEffectGraphs":true,"m_FxEnabled":true},"in2DMode":false,"pivot":{"x":2.089150905609131,"y":0.6523129343986511,"z":1.8519538640975953},"rotation":{"x":0.13315515220165254,"y":-0.8668944835662842,"z":0.3412364721298218,"w":0.3382297456264496},"size":0.45413631200790408,"orthographic":false}