{"cameraMode":{"drawMode":0,"name":"Shaded","section":"Shading Mode"},"sceneLighting":true,"audioPlay":false,"sceneViewState":{"m_AlwaysRefresh":false,"showFog":true,"showSkybox":true,"showFlares":true,"showImageEffects":true,"showParticleSystems":true,"showVisualEffectGraphs":true,"m_FxEnabled":true},"in2DMode":false,"pivot":{"x":3.3012726306915285,"y":1.8986037969589234,"z":3.830836534500122},"rotation":{"x":0.10091036558151245,"y":-0.8881403803825378,"z":0.23436443507671357,"w":0.38232144713401797},"size":0.45413631200790408,"orthographic":false}