{"cameraMode":{"drawMode":0,"name":"Shaded","section":"Shading Mode"},"sceneLighting":true,"audioPlay":false,"sceneViewState":{"m_AlwaysRefresh":false,"showFog":true,"showSkybox":true,"showFlares":true,"showImageEffects":true,"showParticleSystems":true,"showVisualEffectGraphs":true,"m_FxEnabled":true},"in2DMode":false,"pivot":{"x":0.01867280900478363,"y":2.1971704959869386,"z":-0.08444947004318237},"rotation":{"x":-0.07514917105436325,"y":0.7782880067825317,"z":-0.09434272348880768,"w":-0.6163926720619202},"size":0.08429819345474243,"orthographic":false}