{"cameraMode":{"drawMode":0,"name":"Shaded","section":"Shading Mode"},"sceneLighting":true,"audioPlay":false,"sceneViewState":{"m_AlwaysRefresh":false,"showFog":true,"showSkybox":true,"showFlares":true,"showImageEffects":true,"showParticleSystems":true,"showVisualEffectGraphs":true,"m_FxEnabled":true},"in2DMode":false,"pivot":{"x":-1.1698098182678223,"y":23.99371337890625,"z":1.5625481605529786},"rotation":{"x":0.04481860250234604,"y":0.9529538154602051,"z":-0.17576676607131959,"w":0.2429347038269043},"size":0.8660253882408142,"orthographic":false}