{"cameraMode":{"drawMode":0,"name":"Shaded","section":"Shading Mode"},"sceneLighting":true,"audioPlay":false,"sceneViewState":{"m_AlwaysRefresh":false,"showFog":true,"showSkybox":true,"showFlares":true,"showImageEffects":true,"showParticleSystems":true,"showVisualEffectGraphs":true,"m_FxEnabled":true},"in2DMode":false,"pivot":{"x":0.07991182804107666,"y":22.917253494262697,"z":-0.11149108409881592},"rotation":{"x":-0.2253897488117218,"y":-0.6988353133201599,"z":0.24948564171791078,"w":-0.6313457489013672},"size":2.114995241165161,"orthographic":false}