{"cameraMode":{"drawMode":0,"name":"Shaded","section":"Shading Mode"},"sceneLighting":true,"audioPlay":false,"sceneViewState":{"m_AlwaysRefresh":false,"showFog":true,"showSkybox":true,"showFlares":true,"showImageEffects":true,"showParticleSystems":true,"showVisualEffectGraphs":true,"m_FxEnabled":true},"in2DMode":false,"pivot":{"x":0.040278706699609759,"y":2.0780112743377687,"z":-0.10933613777160645},"rotation":{"x":-0.20227374136447907,"y":0.1947832852602005,"z":-0.04108678549528122,"w":-0.9588872194290161},"size":0.0519125759601593,"orthographic":false}