{"cameraMode":{"drawMode":0,"name":"Shaded","section":"Shading Mode"},"sceneLighting":true,"audioPlay":false,"sceneViewState":{"m_AlwaysRefresh":false,"showFog":true,"showSkybox":true,"showFlares":true,"showImageEffects":true,"showParticleSystems":true,"showVisualEffectGraphs":true,"m_FxEnabled":true},"in2DMode":false,"pivot":{"x":-0.4410741627216339,"y":0.4063723683357239,"z":-4.275156497955322},"rotation":{"x":-0.22456862032413484,"y":-0.5640601515769959,"z":0.16340723633766175,"w":-0.7777739763259888},"size":0.3842982053756714,"orthographic":false}