{"cameraMode":{"drawMode":0,"name":"Shaded","section":"Shading Mode"},"sceneLighting":false,"audioPlay":false,"sceneViewState":{"m_AlwaysRefresh":false,"showFog":true,"showSkybox":false,"showFlares":true,"showImageEffects":true,"showParticleSystems":true,"showVisualEffectGraphs":true,"m_FxEnabled":true},"in2DMode":false,"pivot":{"x":-0.5143580436706543,"y":0.28166428208351138,"z":-4.373615741729736},"rotation":{"x":0.006258637178689241,"y":-0.9683704972267151,"z":0.24870015680789948,"w":0.023460811004042627},"size":0.4015595316886902,"orthographic":false}